dataset_version,timestamp_ms,sample_index,total_samples,controller_backend,cycle_id,diameter_m,cmd_object_diameter_m,roll_rad,pitch_rad,yaw_rad,repeat_idx,light_intensity,light_azimuth_deg,light_elevation_deg,spawn_x,spawn_y,spawn_z,pick_cmd_x,pick_cmd_y,pick_cmd_z,place_cmd_x,place_cmd_y,place_cmd_z,arm_joint1_rad,arm_joint2_rad,arm_joint3_rad,arm_joint4_rad,arm_joint5_rad,arm_joint6_rad,arm_gripper_joint1_rad,arm_gripper_joint2_rad,arm_gripper_joint7_rad,cycle_service_success,cycle_message,cycle_success,gripper_close_ok,grasp_stability_ok,place_landing_ok,grasp_reached_ok,place_reached_ok,label,elapsed_sec,server_pose_strategy,server_pose_profile,before_x,before_y,before_z,lift_x,lift_y,lift_z,after_x,after_y,after_z,error
v2_kinematic,1776790721242,1,108,auto_sorting_action,1776790676766_1_0,0.0716,0.0716,0.0,0.0,0.0,0,0.5,50.0,-20.0,0.03227864346193718,0.31095931221401196,0.1425407917169573,0.03227864346193718,0.31095931221401196,0.1425407917169573,0.16,-0.25,0.1,-0.9926536310899907,1.6458810797446022,-1.1490782617644024,-0.06504903703239417,1.1736241953383448,0.07387112451240263,,,0.034999999806021684,1,auto_action_cycle_done,1,1,1,1,1,1,1,45.523,free_yaw,直解位姿(快速)(反向),0.03227864346193718,0.31095931221401196,0.1425407917169573,0.03227864346193718,0.31095931221401196,0.1725407917169573,0.16,-0.25,0.1,
v2_kinematic,1776790765938,2,108,auto_sorting_action,1776790722281_2_1,0.0594,0.0594,0.0,0.0,0.0,1,0.5,50.0,-20.0,0.15697930696909734,-0.06722519965041579,0.1425407917169573,0.15697930696909734,-0.06722519965041579,0.1425407917169573,0.16,-0.25,0.1,-1.0167472588559479,1.6543870827827423,-1.164917371990116,0.06713475488256648,1.1646763908885545,-0.1480945335268169,,,0.03499994313387481,1,auto_action_cycle_done,1,1,1,1,1,1,1,44.6957,free_yaw,直解位姿(快速)(反向),0.15697930696909734,-0.06722519965041579,0.1425407917169573,0.15697930696909734,-0.06722519965041579,0.1725407917169573,0.16,-0.25,0.1,
v2_kinematic,1776790784498,3,108,auto_sorting_action,1776790767010_3_0,0.0724,0.0724,0.0,0.0,0.0,0,0.5,60.0,30.0,0.05924569631753188,0.11061630101447083,0.1425407917169573,0.05924569631753188,0.11061630101447083,0.1425407917169573,0.16,-0.25,0.1,-1.0167472265658164,1.6543872217310502,-1.164917602242891,0.06713452692702848,1.16467800484123,-0.1480941400961031,,,0.03499995178820394,0,action_server_error,0,0,0,0,0,0,0,18.5591,,,0.05924569631753188,0.11061630101447083,0.1425407917169573,0.05924569631753188,0.11061630101447083,0.1725407917169573,0.05924569631753188,0.11061630101447083,0.1425407917169573,action_server_error
v2_kinematic,1776790806221,4,108,auto_sorting_action,1776790785465_4_1,0.0595,0.0595,0.0,0.0,0.0,1,0.5,60.0,30.0,0.5368335192886077,-0.0061127399323607085,0.1425407917169573,0.5368335192886077,-0.0061127399323607085,0.1425407917169573,0.16,-0.25,0.1,-0.003312050511169673,0.003884160511197443,-0.004871591249177243,0.0038462740987590394,0.009385403497205402,-0.00763600448458579,,,0.03499999535417809,0,action_server_error,0,0,0,0,0,0,0,21.7233,,,0.5368335192886077,-0.0061127399323607085,0.1425407917169573,0.5368335192886077,-0.0061127399323607085,0.1725407917169573,0.5368335192886077,-0.0061127399323607085,0.1425407917169573,action_server_error
v2_kinematic,1776790853063,5,108,auto_sorting_action,1776790807334_5_0,0.0642,0.0642,0.0,0.0,0.0,0,0.8,50.0,-20.0,0.21258576760762665,0.04713173080528867,0.1425407917169573,0.21258576760762665,0.04713173080528867,0.1425407917169573,0.16,-0.25,0.1,-0.9975098024411668,1.639347039682745,-1.1642367021699735,0.008010571546731349,1.1850663772047225,-0.06849124980161836,,,0.0349999765658691,1,auto_action_cycle_done,1,1,1,1,1,1,1,46.8407,free_yaw,直解位姿(快速)(反向),0.21258576760762665,0.04713173080528867,0.1425407917169573,0.21258576760762665,0.04713173080528867,0.1725407917169573,0.16,-0.25,0.1,
v2_kinematic,1776790898669,6,108,auto_sorting_action,1776790853673_6_1,0.0669,0.0669,0.0,0.0,0.0,1,0.8,50.0,-20.0,0.26173065842796117,-0.012651905244743652,0.1425407917169573,0.26173065842796117,-0.012651905244743652,0.1425407917169573,0.16,-0.25,0.1,-1.0106339636415393,1.6229083666029176,-1.1308402391431214,0.07021435956671418,1.0858120817705883,-0.08667242934648645,,,0.03499997500059335,1,auto_action_cycle_done,1,1,1,1,1,1,1,45.606,free_yaw,直解位姿(快速)(反向),0.26173065842796117,-0.012651905244743652,0.1425407917169573,0.26173065842796117,-0.012651905244743652,0.1725407917169573,0.16,-0.25,0.1,
v2_kinematic,1776790916882,7,108,auto_sorting_action,1776790899607_7_0,0.0603,0.0603,0.0,0.0,0.0,0,0.8,60.0,30.0,0.4122190374073468,0.18422964085630486,0.1425407917169573,0.4122190374073468,0.18422964085630486,0.1425407917169573,0.16,-0.25,0.1,-1.0106339375493585,1.622908497125545,-1.1308404638300917,0.07021409511079835,1.085813581788015,-0.08667210125316949,,,0.03499996536390768,0,action_server_error,0,0,0,0,0,0,0,18.2118,,,0.4122190374073468,0.18422964085630486,0.1425407917169573,0.4122190374073468,0.18422964085630486,0.1725407917169573,0.4122190374073468,0.18422964085630486,0.1425407917169573,action_server_error
v2_kinematic,1776790938780,8,108,auto_sorting_action,1776790917852_8_1,0.0537,0.0537,0.0,0.0,0.0,1,0.8,60.0,30.0,0.2337335490667762,0.3278340966652529,0.1425407917169573,0.2337335490667762,0.3278340966652529,0.1425407917169573,0.16,-0.25,0.1,-0.006627196481290731,0.005776984378689676,-0.009749854352312681,0.004876005324979005,0.00020141704631715385,0.005112096294264568,,,0.03499999089567579,0,action_server_error,0,0,0,0,0,0,0,21.897,,,0.2337335490667762,0.3278340966652529,0.1425407917169573,0.2337335490667762,0.3278340966652529,0.1725407917169573,0.2337335490667762,0.3278340966652529,0.1425407917169573,action_server_error
v2_kinematic,1776790959390,9,108,auto_sorting_action,1776790939297_9_0,0.0553,0.0553,0.0,0.0,0.0,0,1.0,50.0,-20.0,0.3827212948320103,-0.11450533927669677,0.1425407917169573,0.3827212948320103,-0.11450533927669677,0.1425407917169573,0.16,-0.25,0.1,-0.007312466697036335,0.00013007635144557383,-0.0050669333935911,0.009410755767616408,-0.007744526140458952,0.0022741012947751216,,,0.034999981755342614,0,action_server_error,0,0,0,0,0,0,0,20.6096,,,0.3827212948320103,-0.11450533927669677,0.1425407917169573,0.3827212948320103,-0.11450533927669677,0.1725407917169573,0.3827212948320103,-0.11450533927669677,0.1425407917169573,action_server_error
v2_kinematic,1776790979823,10,108,auto_sorting_action,1776790960366_10_1,0.0532,0.0532,0.0,0.0,0.0,1,1.0,50.0,-20.0,0.4614764027712952,-0.33854625496647195,0.1425407917169573,0.4614764027712952,-0.33854625496647195,0.1425407917169573,0.16,-0.25,0.1,0.0093099891764723,0.003719717439999215,-0.007672931111021519,0.006045367333280538,-0.007960407001037062,0.005084799503586979,,,0.03499998783787817,0,action_server_error,0,0,0,0,0,0,0,20.4327,,,0.4614764027712952,-0.33854625496647195,0.1425407917169573,0.4614764027712952,-0.33854625496647195,0.1725407917169573,0.4614764027712952,-0.33854625496647195,0.1425407917169573,action_server_error
v2_kinematic,1776791026431,11,108,auto_sorting_action,1776790980830_11_0,0.0674,0.0674,0.0,0.0,0.0,0,1.0,60.0,30.0,0.19486181405473027,-0.3375078180596622,0.1425407917169573,0.19486181405473027,-0.3375078180596622,0.1425407917169573,0.16,-0.25,0.1,-1.0141114538779554,1.6535903938665086,-1.1522040558784372,0.059642216910704704,1.1241195767986163,-0.11550623577332253,,,0.034999960037413645,1,auto_action_cycle_done,1,1,1,1,1,1,1,46.6081,free_yaw,直解位姿(快速)(反向),0.19486181405473027,-0.3375078180596622,0.1425407917169573,0.19486181405473027,-0.3375078180596622,0.1725407917169573,0.16,-0.25,0.1,
v2_kinematic,1776791044413,12,108,auto_sorting_action,1776791026958_12_1,0.0614,0.0614,0.0,0.0,0.0,1,1.0,60.0,30.0,0.15016699002467737,-0.10777062274224981,0.1425407917169573,0.15016699002467737,-0.10777062274224981,0.1425407917169573,0.16,-0.25,0.1,-1.0141114131766864,1.6535905374528017,-1.1522043110944056,0.059641965985295364,1.124121310089385,-0.11550484966196972,,,0.03499996160300239,0,action_server_error,0,0,0,0,0,0,0,17.981,,,0.15016699002467737,-0.10777062274224981,0.1425407917169573,0.15016699002467737,-0.10777062274224981,0.1725407917169573,0.15016699002467737,-0.10777062274224981,0.1425407917169573,action_server_error
v2_kinematic,1776791092707,13,108,auto_sorting_action,1776791045422_13_0,0.0622,0.0622,0.0,0.2,0.0,0,0.5,50.0,-20.0,0.21449286209294127,-0.326265972231147,0.1425407917169573,0.21449286209294127,-0.326265972231147,0.1425407917169573,0.16,-0.25,0.1,-0.992151222858948,1.6165437395791002,-1.0799026471203685,-0.030136681323276626,1.0467375450528404,-0.02808122013526848,,,0.03499998884375611,1,auto_action_cycle_done,1,1,1,1,1,1,1,48.2935,free_yaw,直解位姿(快速)(反向),0.21449286209294127,-0.326265972231147,0.1425407917169573,0.21449286209294127,-0.326265972231147,0.1725407917169573,0.16,-0.25,0.1,
v2_kinematic,1776791110602,14,108,auto_sorting_action,1776791093358_14_1,0.068,0.068,0.0,0.2,0.0,1,0.5,50.0,-20.0,0.5149856100942781,0.0567943994059999,0.1425407917169573,0.5149856100942781,0.0567943994059999,0.1425407917169573,0.16,-0.25,0.1,-0.9921512414605997,1.6165438393056366,-1.0799028326872406,-0.030136525985836826,1.0467387725066057,-0.02808110958988852,,,0.03500001084974139,0,action_server_error,0,0,0,0,0,0,0,17.8944,,,0.5149856100942781,0.0567943994059999,0.1425407917169573,0.5149856100942781,0.0567943994059999,0.1725407917169573,0.5149856100942781,0.0567943994059999,0.1425407917169573,action_server_error
v2_kinematic,1776791144602,15,108,auto_sorting_action,1776791111630_15_0,0.0659,0.0659,0.0,0.2,0.0,0,0.5,60.0,30.0,0.262720891674709,0.009220231900779087,0.1425407917169573,0.262720891674709,0.009220231900779087,0.1425407917169573,0.16,-0.25,0.1,-1.022667040727324,1.6052930265956205,-1.1208407266706404,0.09558009258583855,1.0957548322825934,-0.12296721732489413,,,0.034999963039967066,1,auto_action_cycle_done,1,1,1,1,1,1,1,33.9997,relaxed,直解位姿(快速)(反向),0.262720891674709,0.009220231900779087,0.1425407917169573,0.262720891674709,0.009220231900779087,0.1725407917169573,0.16,-0.25,0.1,
v2_kinematic,1776791162434,16,108,auto_sorting_action,1776791145132_16_1,0.0619,0.0619,0.0,0.2,0.0,1,0.5,60.0,30.0,0.38976948148068,-0.18611704274007237,0.1425407917169573,0.38976948148068,-0.18611704274007237,0.1425407917169573,0.16,-0.25,0.1,-1.0226669954741823,1.6052931575105225,-1.1208409485966788,0.09557968883207746,1.0957563112223898,-0.12296638726989517,,,0.03499994561996742,0,action_server_error,0,0,0,0,0,0,0,17.8315,,,0.38976948148068,-0.18611704274007237,0.1425407917169573,0.38976948148068,-0.18611704274007237,0.1725407917169573,0.38976948148068,-0.18611704274007237,0.1425407917169573,action_server_error
v2_kinematic,1776791184134,17,108,auto_sorting_action,1776791163400_17_0,0.0611,0.0611,0.0,0.2,0.0,0,0.8,50.0,-20.0,0.44350462398888296,-0.12413804840557396,0.1425407917169573,0.44350462398888296,-0.12413804840557396,0.1425407917169573,0.16,-0.25,0.1,-0.00668204771043257,0.00900708116787996,-0.004330156091569393,-0.004131220623884602,-0.0029208318400897326,0.009692598775940198,,,0.03500000823624613,0,action_server_error,0,0,0,0,0,0,0,21.6996,,,0.44350462398888296,-0.12413804840557396,0.1425407917169573,0.44350462398888296,-0.12413804840557396,0.1725407917169573,0.44350462398888296,-0.12413804840557396,0.1425407917169573,action_server_error
v2_kinematic,1776791231190,18,108,auto_sorting_action,1776791185075_18_1,0.047,0.047,0.0,0.2,0.0,1,0.8,50.0,-20.0,0.12317736947229324,-0.32416084614147084,0.1425407917169573,0.12317736947229324,-0.32416084614147084,0.1425407917169573,0.16,-0.25,0.1,-0.9537231205397649,1.6353233596041798,-1.1088442739507798,-0.08715563249448088,1.1007687881813881,0.05598696564130101,,,0.033500011349288025,1,auto_action_cycle_done,1,1,1,1,1,1,1,47.0553,free_yaw,直解位姿(快速)(反向),0.12317736947229324,-0.32416084614147084,0.1425407917169573,0.12317736947229324,-0.32416084614147084,0.1725407917169573,0.16,-0.25,0.1,
v2_kinematic,1776791249090,19,108,auto_sorting_action,1776791231823_19_0,0.0674,0.0674,0.0,0.2,0.0,0,0.8,60.0,30.0,0.4668211703992392,-0.09107350912879053,0.1425407917169573,0.4668211703992392,-0.09107350912879053,0.1425407917169573,0.16,-0.25,0.1,-0.9537231761287135,1.635323461260466,-1.1088444731180207,-0.08715513113641116,1.1007700831848037,0.05598630729353005,,,0.03500005689951544,0,action_server_error,0,0,0,0,0,0,0,17.8997,,,0.4668211703992392,-0.09107350912879053,0.1425407917169573,0.4668211703992392,-0.09107350912879053,0.1725407917169573,0.4668211703992392,-0.09107350912879053,0.1425407917169573,action_server_error
v2_kinematic,1776791296047,20,108,auto_sorting_action,1776791250086_20_1,0.0604,0.0604,0.0,0.2,0.0,1,0.8,60.0,30.0,0.33812897173550205,0.030782652257972887,0.1425407917169573,0.33812897173550205,0.030782652257972887,0.1425407917169573,0.16,-0.25,0.1,-1.0245634807416106,1.6517094967240844,-1.1469289218840641,0.07012291454131336,1.1529604452618738,-0.08138426867398252,,,0.034999982557449745,1,auto_action_cycle_done,1,1,1,1,1,1,1,46.9564,free_yaw,直解位姿(快速)(反向),0.33812897173550205,0.030782652257972887,0.1425407917169573,0.33812897173550205,0.030782652257972887,0.1725407917169573,0.16,-0.25,0.1,
v2_kinematic,1776791340950,21,108,auto_sorting_action,1776791297039_21_0,0.0727,0.0727,0.0,0.2,0.0,0,1.0,50.0,-20.0,0.1202650865178124,-0.1587898185729985,0.1425407917169573,0.1202650865178124,-0.1587898185729985,0.1425407917169573,0.16,-0.25,0.1,-1.0121405842747482,1.6371651962474445,-1.1309818851783016,0.05272801880712752,1.0976641437341152,0.01924876876740722,,,0.03499999979196083,1,auto_action_cycle_done,1,1,1,1,1,1,1,44.9026,free_yaw,直解位姿(快速)(反向),0.1202650865178124,-0.1587898185729985,0.1425407917169573,0.1202650865178124,-0.1587898185729985,0.1725407917169573,0.16,-0.25,0.1,
v2_kinematic,1776791359241,22,108,auto_sorting_action,1776791341973_22_1,0.0653,0.0653,0.0,0.2,0.0,1,1.0,50.0,-20.0,0.4427861705573853,-0.22266266553197384,0.1425407917169573,0.4427861705573853,-0.22266266553197384,0.1425407917169573,0.16,-0.25,0.1,-1.012140549815248,1.6371653193687958,-1.1309821097283788,0.05272779152076712,1.0976656511896632,0.0192494152274314,,,0.03500000454522032,0,action_server_error,0,0,0,0,0,0,0,18.291,,,0.4427861705573853,-0.22266266553197384,0.1425407917169573,0.4427861705573853,-0.22266266553197384,0.1725407917169573,0.4427861705573853,-0.22266266553197384,0.1425407917169573,action_server_error
v2_kinematic,1776791405737,23,108,auto_sorting_action,1776791360236_23_0,0.0627,0.0627,0.0,0.2,0.0,0,1.0,60.0,30.0,0.2107577234085358,-0.09533561596751716,0.1425407917169573,0.2107577234085358,-0.09533561596751716,0.1425407917169573,0.16,-0.25,0.1,-1.0007845467058445,1.6588569065629617,-1.1565206067662483,-0.01722981883388286,1.1471368758209675,-0.006398466676764691,,,0.03500000734032927,1,auto_action_cycle_done,1,1,1,1,1,1,1,46.4956,free_yaw,直解位姿(快速)(反向),0.2107577234085358,-0.09533561596751716,0.1425407917169573,0.2107577234085358,-0.09533561596751716,0.1725407917169573,0.16,-0.25,0.1,
v2_kinematic,1776791424255,24,108,auto_sorting_action,1776791406774_24_1,0.0639,0.0639,0.0,0.2,0.0,1,1.0,60.0,30.0,0.16154180861721099,-0.2992419026279535,0.1425407917169573,0.16154180861721099,-0.2992419026279535,0.1425407917169573,0.16,-0.25,0.1,-1.0007845391960428,1.6588570219820502,-1.1565208252873642,-0.017229745099650806,1.1471383836412166,-0.006399102871382567,,,0.03499999971609529,0,action_server_error,0,0,0,0,0,0,0,18.5175,,,0.16154180861721099,-0.2992419026279535,0.1425407917169573,0.16154180861721099,-0.2992419026279535,0.1725407917169573,0.16154180861721099,-0.2992419026279535,0.1425407917169573,action_server_error
v2_kinematic,1776791446153,25,108,auto_sorting_action,1776791425236_25_0,0.047,0.047,0.1,0.0,-0.2,0,0.5,50.0,-20.0,0.37871338728911064,0.05893728405894732,0.1425407917169573,0.37871338728911064,0.05893728405894732,0.1425407917169573,0.16,-0.25,0.1,0.001214275733127046,0.005076372253104644,-0.009874130561773775,0.00755548780079085,0.0018189838380937573,-0.006041141222964619,,,0.03349998676960208,0,action_server_error,0,0,0,0,0,0,0,21.897,,,0.37871338728911064,0.05893728405894732,0.1425407917169573,0.37871338728911064,0.05893728405894732,0.1725407917169573,0.37871338728911064,0.05893728405894732,0.1425407917169573,action_server_error
v2_kinematic,1776791493993,26,108,auto_sorting_action,1776791447109_26_1,0.0738,0.0738,0.1,0.0,-0.2,1,0.5,50.0,-20.0,0.3323356137886172,0.008167987057753604,0.1425407917169573,0.3323356137886172,0.008167987057753604,0.1425407917169573,0.16,-0.25,0.1,-1.0084572804537117,1.6691077827011744,-1.170970438110448,-0.002893080079706678,1.17362754020676,-0.10541160683287387,,,0.03499995742918842,1,auto_action_cycle_done,1,1,1,1,1,1,1,47.8392,free_yaw,直解位姿(快速)(反向),0.3323356137886172,0.008167987057753604,0.1425407917169573,0.3323356137886172,0.008167987057753604,0.1725407917169573,0.16,-0.25,0.1,
v2_kinematic,1776791538734,27,108,auto_sorting_action,1776791494656_27_0,0.0678,0.0678,0.1,0.0,-0.2,0,0.5,60.0,30.0,0.15968444664771356,-0.1145296132846605,0.1425407917169573,0.15968444664771356,-0.1145296132846605,0.1425407917169573,0.16,-0.25,0.1,-1.0169420176889572,1.614796886855058,-1.1379924571297177,0.07546725442566338,1.1001286607056793,-0.10448415141032541,,,0.03499997077810264,1,auto_action_cycle_done,1,1,1,1,1,1,1,44.7409,free_yaw,直解位姿(快速)(反向),0.15968444664771356,-0.1145296132846605,0.1425407917169573,0.15968444664771356,-0.1145296132846605,0.1725407917169573,0.16,-0.25,0.1,
v2_kinematic,1776791583391,28,108,auto_sorting_action,1776791539802_28_1,0.0495,0.0495,0.1,0.0,-0.2,1,0.5,60.0,30.0,0.2113848762552477,0.036533414782945764,0.1425407917169573,0.2113848762552477,0.036533414782945764,0.1425407917169573,0.16,-0.25,0.1,-0.9981987535405272,1.6179131265669842,-1.1056686768433055,0.03462477088403304,1.0950026957681525,0.06667926029757076,,,0.03475005381548388,1,auto_action_cycle_done,1,1,1,1,1,1,1,44.6564,free_yaw,直解位姿(快速)(反向),0.2113848762552477,0.036533414782945764,0.1425407917169573,0.2113848762552477,0.036533414782945764,0.1725407917169573,0.16,-0.25,0.1,
v2_kinematic,1776791625933,29,108,auto_sorting_action,1776791584341_29_0,0.0493,0.0493,0.1,0.0,-0.2,0,0.8,50.0,-20.0,0.038830691729712576,-0.3264372371067439,0.1425407917169573,0.038830691729712576,-0.3264372371067439,0.1425407917169573,0.16,-0.25,0.1,-0.9657008065493189,1.6776018340096535,-1.1893865293687504,-0.07909917749699513,1.2144965711835454,-0.0027612866976474137,,,0.034649993581471444,1,auto_action_cycle_done,1,1,1,1,1,1,1,42.5419,free_yaw,直解位姿(快速)(反向),0.038830691729712576,-0.3264372371067439,0.1425407917169573,0.038830691729712576,-0.3264372371067439,0.1725407917169573,0.16,-0.25,0.1,
v2_kinematic,1776791670047,30,108,auto_sorting_action,1776791626887_30_1,0.0454,0.0454,0.1,0.0,-0.2,1,0.8,50.0,-20.0,0.22411786266306197,-0.3008470809724809,0.1425407917169573,0.22411786266306197,-0.3008470809724809,0.1425407917169573,0.16,-0.25,0.1,-0.9922953313099603,1.5949193627587208,-1.0842508615560513,-0.045088505688589464,1.0630013352056773,0.10251961145812505,,,0.032700062042704994,1,auto_action_cycle_done,1,1,1,1,1,1,1,44.1131,free_yaw,直解位姿(快速)(反向),0.22411786266306197,-0.3008470809724809,0.1425407917169573,0.22411786266306197,-0.3008470809724809,0.1725407917169573,0.16,-0.25,0.1,
v2_kinematic,1776791688297,31,108,auto_sorting_action,1776791671019_31_0,0.0708,0.0708,0.1,0.0,-0.2,0,0.8,60.0,30.0,0.4605942427776552,-0.1479746825960488,0.1425407917169573,0.4605942427776552,-0.1479746825960488,0.1425407917169573,0.16,-0.25,0.1,-0.9922953660910494,1.5949194783794773,-1.0842510688943516,-0.045088300242726476,1.0630027216987115,0.10251901044251532,,,0.03500006419092996,0,action_server_error,0,0,0,0,0,0,0,18.2494,,,0.4605942427776552,-0.1479746825960488,0.1425407917169573,0.4605942427776552,-0.1479746825960488,0.1725407917169573,0.4605942427776552,-0.1479746825960488,0.1425407917169573,action_server_error
v2_kinematic,1776791710051,32,108,auto_sorting_action,1776791689298_32_1,0.0578,0.0578,0.1,0.0,-0.2,1,0.8,60.0,30.0,0.16305423734932378,0.04840993644297877,0.1425407917169573,0.16305423734932378,0.04840993644297877,0.1425407917169573,0.16,-0.25,0.1,-0.001585074854278723,0.008191085863878733,-0.007481314582085119,0.0008492226694567506,-0.0054609469827697765,0.009385030749029966,,,0.03499999789284912,0,action_server_error,0,0,0,0,0,0,0,21.7533,,,0.16305423734932378,0.04840993644297877,0.1425407917169573,0.16305423734932378,0.04840993644297877,0.1725407917169573,0.16305423734932378,0.04840993644297877,0.1425407917169573,action_server_error
v2_kinematic,1776791758514,33,108,auto_sorting_action,1776791711166_33_0,0.0538,0.0538,0.1,0.0,-0.2,0,1.0,50.0,-20.0,0.18826124521990048,-0.05667153036161441,0.1425407917169573,0.18826124521990048,-0.05667153036161441,0.1425407917169573,0.16,-0.25,0.1,-1.0168281552994483,1.6567724870737752,-1.1429084087554813,0.06009575861938288,1.1346893872146584,-0.10164411072759982,,,0.03499996844939113,1,auto_action_cycle_done,1,1,1,1,1,1,1,48.4626,free_yaw,直解位姿(快速)(反向),0.18826124521990048,-0.05667153036161441,0.1425407917169573,0.18826124521990048,-0.05667153036161441,0.1725407917169573,0.16,-0.25,0.1,
v2_kinematic,1776791802947,34,108,auto_sorting_action,1776791759517_34_1,0.0553,0.0553,0.1,0.0,-0.2,1,1.0,50.0,-20.0,0.08751588728797328,0.20063267132771942,0.1425407917169573,0.08751588728797328,0.20063267132771942,0.1425407917169573,0.16,-0.25,0.1,-0.9757126148809263,1.61777820610651,-1.0963207396556713,-0.05944487370698859,1.0775194627970146,-0.02709502463550706,,,0.034999969549144985,1,auto_action_cycle_done,1,1,1,1,1,1,1,44.4332,free_yaw,直解位姿(快速)(反向),0.08751588728797328,0.20063267132771942,0.1425407917169573,0.08751588728797328,0.20063267132771942,0.1725407917169573,0.16,-0.25,0.1,
v2_kinematic,1776791845544,35,108,auto_sorting_action,1776791803652_35_0,0.053,0.053,0.1,0.0,-0.2,0,1.0,60.0,30.0,0.20742105991271206,-0.25356810156492327,0.1425407917169573,0.20742105991271206,-0.25356810156492327,0.1425407917169573,0.16,-0.25,0.1,-0.9681594636869439,1.6268048311012357,-1.1522731617957005,-0.03136643714705567,1.1677566867387803,-0.06580215583315319,,,0.03499995996440053,1,auto_action_cycle_done,1,1,1,1,1,1,1,42.5959,free_yaw,直解位姿(快速)(反向),0.20742105991271206,-0.25356810156492327,0.1425407917169573,0.20742105991271206,-0.25356810156492327,0.1725407917169573,0.16,-0.25,0.1,
v2_kinematic,1776791890869,36,108,auto_sorting_action,1776791846588_36_1,0.0722,0.0722,0.1,0.0,-0.2,1,1.0,60.0,30.0,0.2058821531208284,-0.24414926305295753,0.1425407917169573,0.2058821531208284,-0.24414926305295753,0.1425407917169573,0.16,-0.25,0.1,-0.9790382399256519,1.6323448947814745,-1.1598671780620595,0.024805089582600637,1.17892754675748,0.0985982972055508,,,0.03500005799378252,1,auto_action_cycle_done,1,1,1,1,1,1,1,45.3246,free_yaw,直解位姿(快速)(反向),0.2058821531208284,-0.24414926305295753,0.1425407917169573,0.2058821531208284,-0.24414926305295753,0.1725407917169573,0.16,-0.25,0.1,
v2_kinematic,1776791935444,37,108,auto_sorting_action,1776791891927_37_0,0.0724,0.0724,0.0,0.0,0.0,0,0.5,50.0,-20.0,0.11567372104218202,0.1396514067756827,0.1425407917169573,0.11567372104218202,0.1396514067756827,0.1425407917169573,0.16,-0.25,0.1,-1.0192775999079542,1.6274391630552048,-1.1205398133593407,0.07460090436658984,1.1390506890101149,-0.03586620167456367,,,0.03499999972486217,1,auto_action_cycle_done,1,1,1,1,1,1,1,44.5751,free_yaw,直解位姿(快速)(反向),0.11567372104218202,0.1396514067756827,0.1425407917169573,0.11567372104218202,0.1396514067756827,0.1725407917169573,0.16,-0.25,0.1,
v2_kinematic,1776791981369,38,108,auto_sorting_action,1776791936471_38_1,0.047,0.047,0.0,0.0,0.0,1,0.5,50.0,-20.0,0.1670480742207357,0.055327240222283094,0.1425407917169573,0.1670480742207357,0.055327240222283094,0.1425407917169573,0.16,-0.25,0.1,-0.9692202218214732,1.612285455648693,-1.0947544770001922,-0.045503618027834314,1.0958549019845822,0.08669872968526171,,,0.03350004169825988,1,auto_action_cycle_done,1,1,1,1,1,1,1,45.924,free_yaw,直解位姿(快速)(反向),0.1670480742207357,0.055327240222283094,0.1425407917169573,0.1670480742207357,0.055327240222283094,0.1725407917169573,0.16,-0.25,0.1,
v2_kinematic,1776791999330,39,108,auto_sorting_action,1776791982022_39_0,0.0713,0.0713,0.0,0.0,0.0,0,0.5,60.0,30.0,0.39295814775685994,0.17764554667061042,0.1425407917169573,0.39295814775685994,0.17764554667061042,0.1425407917169573,0.16,-0.25,0.1,-0.9692202615471528,1.6122855582489821,-1.0947546578118583,-0.04550334912677201,1.0958561274976555,0.08669844393484905,,,0.034999999822546736,0,action_server_error,0,0,0,0,0,0,0,17.9605,,,0.39295814775685994,0.17764554667061042,0.1425407917169573,0.39295814775685994,0.17764554667061042,0.1725407917169573,0.39295814775685994,0.17764554667061042,0.1425407917169573,action_server_error
v2_kinematic,1776792034534,40,108,auto_sorting_action,1776792000290_40_1,0.0706,0.0706,0.0,0.0,0.0,1,0.5,60.0,30.0,0.22633078947825022,0.1565337595889009,0.1425407917169573,0.22633078947825022,0.1565337595889009,0.1425407917169573,0.16,-0.25,0.1,-1.0193354773648364,1.640219028795987,-1.1335561978534,0.06857580432510257,1.0935235790953577,0.035732632295983,,,0.034999999828763256,1,auto_action_cycle_done,1,1,1,1,1,1,1,35.2034,relaxed,直解位姿(快速)(反向),0.22633078947825022,0.1565337595889009,0.1425407917169573,0.22633078947825022,0.1565337595889009,0.1725407917169573,0.16,-0.25,0.1,
v2_kinematic,1776792053042,41,108,auto_sorting_action,1776792035610_41_0,0.0485,0.0485,0.0,0.0,0.0,0,0.8,50.0,-20.0,0.10568434190733628,0.071127061035845,0.1425407917169573,0.10568434190733628,0.071127061035845,0.1425407917169573,0.16,-0.25,0.1,-1.0193354356953357,1.6402191471585095,-1.133556424569253,0.06857551457599431,1.0935250796450084,0.035733440012031714,,,0.03425000546564275,0,action_server_error,0,0,0,0,0,0,0,18.5075,,,0.10568434190733628,0.071127061035845,0.1425407917169573,0.10568434190733628,0.071127061035845,0.1725407917169573,0.10568434190733628,0.071127061035845,0.1425407917169573,action_server_error
v2_kinematic,1776792103092,42,108,auto_sorting_action,1776792054071_42_1,0.0713,0.0713,0.0,0.0,0.0,1,0.8,50.0,-20.0,0.17888379461853052,0.16749818491672294,0.1425407917169573,0.17888379461853052,0.16749818491672294,0.1425407917169573,0.16,-0.25,0.1,-0.9873084420616394,1.6588505691604531,-1.1419500977291221,-0.04562267955620314,1.135951687514848,0.02983605378190024,,,0.03499999976074589,1,auto_action_cycle_done,1,1,1,1,1,1,1,50.0495,free_yaw,直解位姿(快速)(反向),0.17888379461853052,0.16749818491672294,0.1425407917169573,0.17888379461853052,0.16749818491672294,0.1725407917169573,0.16,-0.25,0.1,
v2_kinematic,1776792120861,43,108,auto_sorting_action,1776792103623_43_0,0.0478,0.0478,0.0,0.0,0.0,0,0.8,60.0,30.0,0.5740113317729955,-0.02699981751600223,0.1425407917169573,0.5740113317729955,-0.02699981751600223,0.1425407917169573,0.16,-0.25,0.1,-0.9873084639955065,1.658850680375065,-1.141950287024562,-0.04562249259524087,1.1359529923739888,0.029835031462316586,,,0.033900035936787525,0,action_server_error,0,0,0,0,0,0,0,17.7686,,,0.5740113317729955,-0.02699981751600223,0.1425407917169573,0.5740113317729955,-0.02699981751600223,0.1725407917169573,0.5740113317729955,-0.02699981751600223,0.1425407917169573,action_server_error
v2_kinematic,1776792167277,44,108,auto_sorting_action,1776792121888_44_1,0.067,0.067,0.0,0.0,0.0,1,0.8,60.0,30.0,0.24802505098649769,-0.0628472439157752,0.1425407917169573,0.24802505098649769,-0.0628472439157752,0.1425407917169573,0.16,-0.25,0.1,-0.9846432326855385,1.6247649903882913,-1.1263783462027037,-0.02553868485690103,1.1174884499527558,-0.02650709357847969,,,0.03499998645323722,1,auto_action_cycle_done,1,1,1,1,1,1,1,46.4154,free_yaw,直解位姿(快速)(反向),0.24802505098649769,-0.0628472439157752,0.1425407917169573,0.24802505098649769,-0.0628472439157752,0.1725407917169573,0.16,-0.25,0.1,
v2_kinematic,1776792212078,45,108,auto_sorting_action,1776792168257_45_0,0.0608,0.0608,0.0,0.0,0.0,0,1.0,50.0,-20.0,0.2897901597033428,-0.11431931186991769,0.1425407917169573,0.2897901597033428,-0.11431931186991769,0.1425407917169573,0.16,-0.25,0.1,-1.0020414040145305,1.6432090710069955,-1.169244229368224,-0.007111280381878693,1.1680945608033166,-0.05091252600775942,,,0.03499998411771791,1,auto_action_cycle_done,1,1,1,1,1,1,1,44.8012,free_yaw,直解位姿(快速)(反向),0.2897901597033428,-0.11431931186991769,0.1425407917169573,0.2897901597033428,-0.11431931186991769,0.1725407917169573,0.16,-0.25,0.1,
v2_kinematic,1776792254956,46,108,auto_sorting_action,1776792212633_46_1,0.0625,0.0625,0.0,0.0,0.0,1,1.0,50.0,-20.0,0.07326837637351644,-0.2981365240655395,0.1425407917169573,0.07326837637351644,-0.2981365240655395,0.1425407917169573,0.16,-0.25,0.1,-0.9763993110640872,1.6520861259091442,-1.1170739912094447,-0.04403268855351339,1.0893985583877797,0.08786010191244653,,,0.035000045410180106,1,auto_action_cycle_done,1,1,1,1,1,1,1,42.8772,free_yaw,直解位姿(快速)(反向),0.07326837637351644,-0.2981365240655395,0.1425407917169573,0.07326837637351644,-0.2981365240655395,0.1725407917169573,0.16,-0.25,0.1,
v2_kinematic,1776792299171,47,108,auto_sorting_action,1776792255964_47_0,0.0662,0.0662,0.0,0.0,0.0,0,1.0,60.0,30.0,0.18526698158821728,-0.2024945319368332,0.1425407917169573,0.18526698158821728,-0.2024945319368332,0.1425407917169573,0.16,-0.25,0.1,-1.0293481535873141,1.6329295258844327,-1.1558710356681363,0.0258114777589169,1.2081362493715266,-0.1431477846034479,,,0.03499994925944473,1,auto_action_cycle_done,1,1,1,1,1,1,1,44.2143,free_yaw,直解位姿(快速)(反向),0.18526698158821728,-0.2024945319368332,0.1425407917169573,0.18526698158821728,-0.2024945319368332,0.1725407917169573,0.16,-0.25,0.1,
v2_kinematic,1776792343563,48,108,auto_sorting_action,1776792300109_48_1,0.0494,0.0494,0.0,0.0,0.0,1,1.0,60.0,30.0,0.29771193766107185,-0.2566706308409657,0.1425407917169573,0.29771193766107185,-0.2566706308409657,0.1425407917169573,0.16,-0.25,0.1,-1.0105928465685734,1.6254145342960022,-1.1313681306213468,0.08774122906373716,1.1163947125157891,0.046302599726221416,,,0.03470005482613907,1,auto_action_cycle_done,1,1,1,1,1,1,1,44.3916,free_yaw,直解位姿(快速)(反向),0.29771193766107185,-0.2566706308409657,0.1425407917169573,0.29771193766107185,-0.2566706308409657,0.1725407917169573,0.16,-0.25,0.1,
v2_kinematic,1776792362095,49,108,auto_sorting_action,1776792344643_49_0,0.0692,0.0692,0.0,0.2,0.0,0,0.5,50.0,-20.0,0.16705365072803235,-0.050442080095294,0.1425407917169573,0.16705365072803235,-0.050442080095294,0.1425407917169573,0.16,-0.25,0.1,-1.0105928146924192,1.625414671027774,-1.1313683674509116,0.08774087631967209,1.1163963262986956,0.04630302426368349,,,0.034999999818571687,0,action_server_error,0,0,0,0,0,0,0,18.5313,,,0.16705365072803235,-0.050442080095294,0.1425407917169573,0.16705365072803235,-0.050442080095294,0.1725407917169573,0.16705365072803235,-0.050442080095294,0.1425407917169573,action_server_error
v2_kinematic,1776792410666,50,108,auto_sorting_action,1776792363108_50_1,0.0661,0.0661,0.0,0.2,0.0,1,0.5,50.0,-20.0,0.30566459383285166,0.2276680487084667,0.1425407917169573,0.30566459383285166,0.2276680487084667,0.1425407917169573,0.16,-0.25,0.1,-1.0214878667021186,1.6306440090126975,-1.1078922640106867,0.07256963331008759,1.0873408480605997,-0.11571730286136539,,,0.03499996447844858,1,auto_action_cycle_done,1,1,1,1,1,1,1,48.5708,free_yaw,直解位姿(快速)(反向),0.30566459383285166,0.2276680487084667,0.1425407917169573,0.30566459383285166,0.2276680487084667,0.1725407917169573,0.16,-0.25,0.1,
v2_kinematic,1776792456494,51,108,auto_sorting_action,1776792411646_51_0,0.0466,0.0466,0.0,0.2,0.0,0,0.5,60.0,30.0,0.2876457268806677,-0.19871573007604232,0.1425407917169573,0.2876457268806677,-0.19871573007604232,0.1425407917169573,0.16,-0.25,0.1,-0.9869003532512179,1.6616989012834402,-1.1720692660036267,-0.01986616819449427,1.2070632616216255,0.07801115808867465,,,0.03330004812112669,1,auto_action_cycle_done,1,1,1,1,1,1,1,45.8282,free_yaw,直解位姿(快速)(反向),0.2876457268806677,-0.19871573007604232,0.1425407917169573,0.2876457268806677,-0.19871573007604232,0.1725407917169573,0.16,-0.25,0.1,
v2_kinematic,1776792501979,52,108,auto_sorting_action,1776792457586_52_1,0.071,0.071,0.0,0.2,0.0,1,0.5,60.0,30.0,0.03554047350764513,0.1895976224348145,0.1425407917169573,0.03554047350764513,0.1895976224348145,0.1425407917169573,0.16,-0.25,0.1,-0.9774587062349731,1.6107656756541626,-1.1055843429829322,-0.03138014374880882,1.0757514829754324,0.0270281629620035,,,0.03499999979385562,1,auto_action_cycle_done,1,1,1,1,1,1,1,45.4846,free_yaw,直解位姿(快速)(反向),0.03554047350764513,0.1895976224348145,0.1425407917169573,0.03554047350764513,0.1895976224348145,0.1725407917169573,0.16,-0.25,0.1,
v2_kinematic,1776792520176,53,108,auto_sorting_action,1776792502927_53_0,0.0718,0.0718,0.0,0.2,0.0,0,0.8,50.0,-20.0,0.536476234981806,0.16600087951168474,0.1425407917169573,0.536476234981806,0.16600087951168474,0.1425407917169573,0.16,-0.25,0.1,-0.9774587504147974,1.6107658081592797,-1.1055845836827736,-0.031379816073098254,1.0757530837509108,0.027024761256696728,,,0.035000030941546245,0,action_server_error,0,0,0,0,0,0,0,18.1959,,,0.536476234981806,0.16600087951168474,0.1425407917169573,0.536476234981806,0.16600087951168474,0.1725407917169573,0.536476234981806,0.16600087951168474,0.1425407917169573,action_server_error
v2_kinematic,1776792568771,54,108,auto_sorting_action,1776792521193_54_1,0.0559,0.0559,0.0,0.2,0.0,1,0.8,50.0,-20.0,0.1714291047204809,0.31265399935594257,0.1425407917169573,0.1714291047204809,0.31265399935594257,0.1425407917169573,0.16,-0.25,0.1,-1.0203383204167764,1.6110932571581893,-1.1283755559156425,0.08686045037815493,1.1112790487529303,-0.11226553389593352,,,0.03499996742507502,1,auto_action_cycle_done,1,1,1,1,1,1,1,48.5943,free_yaw,直解位姿(快速)(反向),0.1714291047204809,0.31265399935594257,0.1425407917169573,0.1714291047204809,0.31265399935594257,0.1725407917169573,0.16,-0.25,0.1,
v2_kinematic,1776792613330,55,108,auto_sorting_action,1776792569746_55_0,0.058,0.058,0.0,0.2,0.0,0,0.8,60.0,30.0,0.07821852746621145,-0.3197106517843288,0.1425407917169573,0.07821852746621145,-0.3197106517843288,0.1425407917169573,0.16,-0.25,0.1,-1.034964706578685,1.6294402463065696,-1.1163209398431757,0.08314811385829213,1.0998674815230416,-0.15423844819953558,,,0.0349999495981716,1,auto_action_cycle_done,1,1,1,1,1,1,1,44.5586,free_yaw,直解位姿(快速)(反向),0.07821852746621145,-0.3197106517843288,0.1425407917169573,0.07821852746621145,-0.3197106517843288,0.1725407917169573,0.16,-0.25,0.1,
v2_kinematic,1776792631526,56,108,auto_sorting_action,1776792614287_56_1,0.0452,0.0452,0.0,0.2,0.0,1,0.8,60.0,30.0,0.29971291925512156,-0.3911541292703829,0.1425407917169573,0.29971291925512156,-0.3911541292703829,0.1425407917169573,0.16,-0.25,0.1,-1.034964663332735,1.629440367781414,-1.1163211465685867,0.0831477070305251,1.0998688631567122,-0.1542385079635631,,,0.03259993323539382,0,action_server_error,0,0,0,0,0,0,0,18.1956,,,0.29971291925512156,-0.3911541292703829,0.1425407917169573,0.29971291925512156,-0.3911541292703829,0.1725407917169573,0.29971291925512156,-0.3911541292703829,0.1425407917169573,action_server_error
v2_kinematic,1776792653428,57,108,auto_sorting_action,1776792632548_57_0,0.0563,0.0563,0.0,0.2,0.0,0,1.0,50.0,-20.0,0.11781527327470707,-0.03212859343918826,0.1425407917169573,0.11781527327470707,-0.03212859343918826,0.1425407917169573,0.16,-0.25,0.1,0.0037488217039074456,1.2940042064535362e-05,-0.009936173596137188,-0.00976166132212164,-0.008539342111952841,-5.198870673694955e-05,,,0.035000018389850306,0,action_server_error,0,0,0,0,0,0,0,21.9013,,,0.11781527327470707,-0.03212859343918826,0.1425407917169573,0.11781527327470707,-0.03212859343918826,0.1725407917169573,0.11781527327470707,-0.03212859343918826,0.1425407917169573,action_server_error
v2_kinematic,1776792673968,58,108,auto_sorting_action,1776792654419_58_1,0.0726,0.0726,0.0,0.2,0.0,1,1.0,50.0,-20.0,0.39222089818788225,-0.0693162466785977,0.1425407917169573,0.39222089818788225,-0.0693162466785977,0.1425407917169573,0.16,-0.25,0.1,-0.00030060129127296165,0.0052446511220161085,-0.009712046551155318,-0.007497462343232009,-0.005267845738666566,-0.005238757816946382,,,0.03500000020628634,0,action_server_error,0,0,0,0,0,0,0,20.5396,,,0.39222089818788225,-0.0693162466785977,0.1425407917169573,0.39222089818788225,-0.0693162466785977,0.1725407917169573,0.39222089818788225,-0.0693162466785977,0.1425407917169573,action_server_error
v2_kinematic,1776792694616,59,108,auto_sorting_action,1776792674895_59_0,0.0675,0.0675,0.0,0.2,0.0,0,1.0,60.0,30.0,0.1716499859306368,-0.01564865666134699,0.1425407917169573,0.1716499859306368,-0.01564865666134699,0.1425407917169573,0.16,-0.25,0.1,0.002769482429303416,0.007552820091060397,-0.003978651992155413,0.0004902387009906306,-0.00010218518319149439,-0.009439389758926886,,,0.03500000065063516,0,action_server_error,0,0,0,0,0,0,0,20.6476,,,0.1716499859306368,-0.01564865666134699,0.1425407917169573,0.1716499859306368,-0.01564865666134699,0.1725407917169573,0.1716499859306368,-0.01564865666134699,0.1425407917169573,action_server_error
v2_kinematic,1776792714983,60,108,auto_sorting_action,1776792695564_60_1,0.0614,0.0614,0.0,0.2,0.0,1,1.0,60.0,30.0,0.5191636775554263,-0.1565207487526294,0.1425407917169573,0.5191636775554263,-0.1565207487526294,0.1425407917169573,0.16,-0.25,0.1,0.002747941786457986,0.005898278560636072,-0.009615744601913612,0.004083972557832993,0.005187315173745155,-0.0018053753212203816,,,0.034999993726425566,0,action_server_error,0,0,0,0,0,0,0,20.3662,,,0.5191636775554263,-0.1565207487526294,0.1425407917169573,0.5191636775554263,-0.1565207487526294,0.1725407917169573,0.5191636775554263,-0.1565207487526294,0.1425407917169573,action_server_error
v2_kinematic,1776792735397,61,108,auto_sorting_action,1776792715633_61_0,0.0688,0.0688,0.1,0.0,-0.2,0,0.5,50.0,-20.0,0.3043481814514226,-0.42131586027637974,0.1425407917169573,0.3043481814514226,-0.42131586027637974,0.1425407917169573,0.16,-0.25,0.1,0.00708879169917509,0.009946464794754917,-0.002176044185548065,-0.001060423731575888,-0.006763235384576127,-0.0079602197995996,,,0.034999999994806186,0,action_server_error,0,0,0,0,0,0,0,20.4136,,,0.3043481814514226,-0.42131586027637974,0.1425407917169573,0.3043481814514226,-0.42131586027637974,0.1725407917169573,0.3043481814514226,-0.42131586027637974,0.1425407917169573,action_server_error
v2_kinematic,1776792783488,62,108,auto_sorting_action,1776792736502_62_1,0.0691,0.0691,0.1,0.0,-0.2,1,0.5,50.0,-20.0,0.17676370030443364,-0.06205157687257019,0.1425407917169573,0.17676370030443364,-0.06205157687257019,0.1425407917169573,0.16,-0.25,0.1,-1.001853471357128,1.6484938963046591,-1.1449589403180545,-0.015401077981280764,1.1432488264255989,-0.05061448709552696,,,0.03499998555779167,1,auto_action_cycle_done,1,1,1,1,1,1,1,48.0902,free_yaw,直解位姿(快速)(反向),0.17676370030443364,-0.06205157687257019,0.1425407917169573,0.17676370030443364,-0.06205157687257019,0.1725407917169573,0.16,-0.25,0.1,
v2_kinematic,1776792828824,63,108,auto_sorting_action,1776792784447_63_0,0.0468,0.0468,0.1,0.0,-0.2,0,0.5,60.0,30.0,0.20604227798562913,0.3287231300965142,0.1425407917169573,0.20604227798562913,0.3287231300965142,0.1425407917169573,0.16,-0.25,0.1,-0.9988340134038847,1.640875962750691,-1.1647265295676812,0.041452509782370583,1.1628161903115233,-0.06435044908116172,,,0.033399978217585106,1,auto_action_cycle_done,1,1,1,1,1,1,1,45.3357,free_yaw,直解位姿(快速)(反向),0.20604227798562913,0.3287231300965142,0.1425407917169573,0.20604227798562913,0.3287231300965142,0.1725407917169573,0.16,-0.25,0.1,
v2_kinematic,1776792876443,64,108,auto_sorting_action,1776792829812_64_1,0.0739,0.0739,0.1,0.0,-0.2,1,0.5,60.0,30.0,0.14368889104961383,0.31519396155259544,0.1425407917169573,0.14368889104961383,0.31519396155259544,0.1425407917169573,0.16,-0.25,0.1,-0.9785999356753701,1.6345214048085532,-1.1469318680866643,0.012651031947261693,1.1830645013217973,-0.014514034846818014,,,0.034999996207800005,1,auto_action_cycle_done,1,1,1,1,1,1,1,47.6184,free_yaw,直解位姿(快速)(反向),0.14368889104961383,0.31519396155259544,0.1425407917169573,0.14368889104961383,0.31519396155259544,0.1725407917169573,0.16,-0.25,0.1,
v2_kinematic,1776792894631,65,108,auto_sorting_action,1776792877361_65_0,0.0716,0.0716,0.1,0.0,-0.2,0,0.8,50.0,-20.0,0.28838103426242984,-0.3318205452769754,0.1425407917169573,0.28838103426242984,-0.3318205452769754,0.1425407917169573,0.16,-0.25,0.1,-0.9785999503843295,1.6345215143852077,-1.1469320367823812,0.01265108222263489,1.1830657335855648,-0.014513708999346342,,,0.035000004804048246,0,action_server_error,0,0,0,0,0,0,0,18.1876,,,0.28838103426242984,-0.3318205452769754,0.1425407917169573,0.28838103426242984,-0.3318205452769754,0.1725407917169573,0.28838103426242984,-0.3318205452769754,0.1425407917169573,action_server_error
v2_kinematic,1776792916352,66,108,auto_sorting_action,1776792895627_66_1,0.069,0.069,0.1,0.0,-0.2,1,0.8,50.0,-20.0,0.432820936750883,0.3381103085048901,0.1425407917169573,0.432820936750883,0.3381103085048901,0.1425407917169573,0.16,-0.25,0.1,0.007082599227200781,0.009147576996102913,-0.005204864219932048,-0.0027987775595148534,0.005689835311248892,-0.000150887139666267,,,0.034999999937803505,0,action_server_error,0,0,0,0,0,0,0,21.7206,,,0.432820936750883,0.3381103085048901,0.1425407917169573,0.432820936750883,0.3381103085048901,0.1725407917169573,0.432820936750883,0.3381103085048901,0.1425407917169573,action_server_error
v2_kinematic,1776792962647,67,108,auto_sorting_action,1776792917288_67_0,0.0606,0.0606,0.1,0.0,-0.2,0,0.8,60.0,30.0,0.027496436573501405,-0.2706451779998698,0.1425407917169573,0.027496436573501405,-0.2706451779998698,0.1425407917169573,0.16,-0.25,0.1,-1.0259793711137082,1.6237694978740613,-1.0953755923740145,-0.03363700784376267,1.0628029016167577,-0.020365173405444637,,,0.03499999971205794,1,auto_action_cycle_done,1,1,1,1,1,1,1,46.2942,free_yaw,直解位姿(快速)(反向),0.027496436573501405,-0.2706451779998698,0.1425407917169573,0.027496436573501405,-0.2706451779998698,0.1725407917169573,0.16,-0.25,0.1,
v2_kinematic,1776793009710,68,108,auto_sorting_action,1776792963223_68_1,0.0669,0.0669,0.1,0.0,-0.2,1,0.8,60.0,30.0,0.0763021142927475,-0.33149392198457656,0.1425407917169573,0.0763021142927475,-0.33149392198457656,0.1425407917169573,0.16,-0.25,0.1,-1.037072665480962,1.6324244944784905,-1.1253801520751896,0.07899371345272144,1.1024276683667695,-0.1557522762212562,,,0.0349999505639337,1,auto_action_cycle_done,1,1,1,1,1,1,1,47.0629,free_yaw,直解位姿(快速)(反向),0.0763021142927475,-0.33149392198457656,0.1425407917169573,0.0763021142927475,-0.33149392198457656,0.1725407917169573,0.16,-0.25,0.1,
v2_kinematic,1776793028231,69,108,auto_sorting_action,1776793010783_69_0,0.0671,0.0671,0.1,0.0,-0.2,0,1.0,50.0,-20.0,0.10284348120960701,-0.08499591285969098,0.1425407917169573,0.10284348120960701,-0.08499591285969098,0.1425407917169573,0.16,-0.25,0.1,-1.0370726209093517,1.6324246231843471,-1.125380371809765,0.07899331831548384,1.102429140386703,-0.155751496927377,,,0.03499993940977239,0,action_server_error,0,0,0,0,0,0,0,18.5203,,,0.10284348120960701,-0.08499591285969098,0.1425407917169573,0.10284348120960701,-0.08499591285969098,0.1725407917169573,0.10284348120960701,-0.08499591285969098,0.1425407917169573,action_server_error
v2_kinematic,1776793074718,70,108,auto_sorting_action,1776793029251_70_1,0.0682,0.0682,0.1,0.0,-0.2,1,1.0,50.0,-20.0,0.3031811339143998,0.0066921641704003896,0.1425407917169573,0.3031811339143998,0.0066921641704003896,0.1425407917169573,0.16,-0.25,0.1,-0.9895567468549142,1.5988933160447818,-1.101516035100432,-0.028760851616787875,1.0715545447360393,0.002081018696144632,,,0.0350000001797371,1,auto_action_cycle_done,1,1,1,1,1,1,1,46.4866,free_yaw,直解位姿(快速)(反向),0.3031811339143998,0.0066921641704003896,0.1425407917169573,0.3031811339143998,0.0066921641704003896,0.1725407917169573,0.16,-0.25,0.1,
v2_kinematic,1776793118144,71,108,auto_sorting_action,1776793075793_71_0,0.0727,0.0727,0.1,0.0,-0.2,0,1.0,60.0,30.0,0.18973366098588984,-0.2759384934108208,0.1425407917169573,0.18973366098588984,-0.2759384934108208,0.1425407917169573,0.16,-0.25,0.1,-1.0117671022884647,1.6247676641167468,-1.1169478062001232,0.07486850886270613,1.0617838910539499,-0.08627202514223686,,,0.03499997898877909,1,auto_action_cycle_done,1,1,1,1,1,1,1,43.4255,free_yaw,直解位姿(快速)(反向),0.18973366098588984,-0.2759384934108208,0.1425407917169573,0.18973366098588984,-0.2759384934108208,0.1725407917169573,0.16,-0.25,0.1,
v2_kinematic,1776793162059,72,108,auto_sorting_action,1776793119121_72_1,0.0734,0.0734,0.1,0.0,-0.2,1,1.0,60.0,30.0,0.1895999958231628,0.13617224933635882,0.1425407917169573,0.1895999958231628,0.13617224933635882,0.1425407917169573,0.16,-0.25,0.1,-0.9662988604670648,1.644700199448808,-1.1216271767319537,-0.06267212038744674,1.164767478784805,0.10490420795344235,,,0.034999999850303366,1,auto_action_cycle_done,1,1,1,1,1,1,1,43.9145,free_yaw,直解位姿(快速)(反向),0.1895999958231628,0.13617224933635882,0.1425407917169573,0.1895999958231628,0.13617224933635882,0.1725407917169573,0.16,-0.25,0.1,
v2_kinematic,1776793180315,73,108,auto_sorting_action,1776793163038_73_0,0.0549,0.0549,0.0,0.0,0.0,0,0.5,50.0,-20.0,0.3365734739669751,-0.2815702456766561,0.1425407917169573,0.3365734739669751,-0.2815702456766561,0.1425407917169573,0.16,-0.25,0.1,-0.966298897296717,1.6447003052650722,-1.1216273486694872,-0.06267183439570179,1.1647686946445868,0.10490155718945982,,,0.035000065805640135,0,action_server_error,0,0,0,0,0,0,0,18.2554,,,0.3365734739669751,-0.2815702456766561,0.1425407917169573,0.3365734739669751,-0.2815702456766561,0.1725407917169573,0.3365734739669751,-0.2815702456766561,0.1425407917169573,action_server_error
v2_kinematic,1776793227580,74,108,auto_sorting_action,1776793180903_74_1,0.0598,0.0598,0.0,0.0,0.0,1,0.5,50.0,-20.0,0.19446278743025638,-0.17879303377249672,0.1425407917169573,0.19446278743025638,-0.17879303377249672,0.1425407917169573,0.16,-0.25,0.1,-1.0005510103851059,1.617618441912719,-1.0975107732773877,0.02838157832692101,1.106406341538615,0.0292209072133911,,,0.035000031196730536,1,auto_action_cycle_done,1,1,1,1,1,1,1,47.2647,free_yaw,直解位姿(快速)(反向),0.19446278743025638,-0.17879303377249672,0.1425407917169573,0.19446278743025638,-0.17879303377249672,0.1725407917169573,0.16,-0.25,0.1,
v2_kinematic,1776793245886,75,108,auto_sorting_action,1776793228648_75_0,0.0696,0.0696,0.0,0.0,0.0,0,0.5,60.0,30.0,0.36234012436916563,-0.39366250704693256,0.1425407917169573,0.36234012436916563,-0.39366250704693256,0.1425407917169573,0.16,-0.25,0.1,-1.0005509927752962,1.6176185468736355,-1.0975109547266033,0.028381491215489163,1.1064075902844195,0.02922031226811761,,,0.03500001594737402,0,action_server_error,0,0,0,0,0,0,0,18.3053,,,0.36234012436916563,-0.39366250704693256,0.1425407917169573,0.36234012436916563,-0.39366250704693256,0.1725407917169573,0.36234012436916563,-0.39366250704693256,0.1425407917169573,action_server_error
v2_kinematic,1776793267650,76,108,auto_sorting_action,1776793246516_76_1,0.0596,0.0596,0.0,0.0,0.0,1,0.5,60.0,30.0,0.2636878495815402,0.3499369175820745,0.1425407917169573,0.2636878495815402,0.3499369175820745,0.1425407917169573,0.16,-0.25,0.1,-0.007016953038684548,0.00842657827206228,-0.007588850293279492,-0.000521430645969545,0.009521331350362594,0.0029119288549050992,,,0.035000000024814286,0,action_server_error,0,0,0,0,0,0,0,21.7637,,,0.2636878495815402,0.3499369175820745,0.1425407917169573,0.2636878495815402,0.3499369175820745,0.1725407917169573,0.2636878495815402,0.3499369175820745,0.1425407917169573,action_server_error
v2_kinematic,1776793288067,77,108,auto_sorting_action,1776793268578_77_0,0.0465,0.0465,0.0,0.0,0.0,0,0.8,50.0,-20.0,0.5417087486485237,-0.04503846944163821,0.1425407917169573,0.5417087486485237,-0.04503846944163821,0.1425407917169573,0.16,-0.25,0.1,-0.007289448262940645,0.007920427536171282,-0.004694074528851289,0.004889330830074812,-0.0021590829430921943,-0.001407242461536562,,,0.03324999119792879,0,action_server_error,0,0,0,0,0,0,0,20.4165,,,0.5417087486485237,-0.04503846944163821,0.1425407917169573,0.5417087486485237,-0.04503846944163821,0.1725407917169573,0.5417087486485237,-0.04503846944163821,0.1425407917169573,action_server_error
v2_kinematic,1776793308717,78,108,auto_sorting_action,1776793289054_78_1,0.0534,0.0534,0.0,0.0,0.0,1,0.8,50.0,-20.0,0.1418890556084525,-0.06447473373914592,0.1425407917169573,0.1418890556084525,-0.06447473373914592,0.1425407917169573,0.16,-0.25,0.1,0.0034643462091592525,0.004769792289877728,-0.006191207801058418,0.005043975740141704,-0.005811710410886128,0.002502740981547902,,,0.034999988220187114,0,action_server_error,0,0,0,0,0,0,0,20.6502,,,0.1418890556084525,-0.06447473373914592,0.1425407917169573,0.1418890556084525,-0.06447473373914592,0.1725407917169573,0.1418890556084525,-0.06447473373914592,0.1425407917169573,action_server_error
v2_kinematic,1776793329044,79,108,auto_sorting_action,1776793309726_79_0,0.0465,0.0465,0.0,0.0,0.0,0,0.8,60.0,30.0,0.3317191173478741,0.34284977073120937,0.1425407917169573,0.3317191173478741,0.34284977073120937,0.1425407917169573,0.16,-0.25,0.1,-0.0014187869228372563,0.005847575339474886,-0.0060255078517483796,0.0023337924939728083,-0.0046487843063856005,0.008369017667634537,,,0.033249995149438785,0,action_server_error,0,0,0,0,0,0,0,20.3257,,,0.3317191173478741,0.34284977073120937,0.1425407917169573,0.3317191173478741,0.34284977073120937,0.1725407917169573,0.3317191173478741,0.34284977073120937,0.1425407917169573,action_server_error
v2_kinematic,1776793375656,80,108,auto_sorting_action,1776793329987_80_1,0.0473,0.0473,0.0,0.0,0.0,1,0.8,60.0,30.0,0.196578758590898,0.2864802313261473,0.1425407917169573,0.196578758590898,0.2864802313261473,0.1425407917169573,0.16,-0.25,0.1,-1.0196388464175508,1.6062534414942649,-1.1081926504270996,0.02764568934624112,1.0822299120410124,-0.00045037912109258116,,,0.03365002786092636,1,auto_action_cycle_done,1,1,1,1,1,1,1,46.6117,free_yaw,直解位姿(快速)(反向),0.196578758590898,0.2864802313261473,0.1425407917169573,0.196578758590898,0.2864802313261473,0.1725407917169573,0.16,-0.25,0.1,
v2_kinematic,1776793420057,81,108,auto_sorting_action,1776793376736_81_0,0.0566,0.0566,0.0,0.0,0.0,0,1.0,50.0,-20.0,0.32612177472381415,0.08643062628267036,0.1425407917169573,0.32612177472381415,0.08643062628267036,0.1425407917169573,0.16,-0.25,0.1,-1.011826260224872,1.658793754205826,-1.1389409304414446,-0.03408117439790548,1.137354527019676,-0.011497382024073133,,,0.03499999973563477,1,auto_action_cycle_done,1,1,1,1,1,1,1,44.4005,free_yaw,直解位姿(快速)(反向),0.32612177472381415,0.08643062628267036,0.1425407917169573,0.32612177472381415,0.08643062628267036,0.1725407917169573,0.16,-0.25,0.1,
v2_kinematic,1776793450001,82,108,auto_sorting_action,1776793421068_82_1,0.0456,0.0456,0.0,0.0,0.0,1,1.0,50.0,-20.0,0.13945176003690435,-0.2510226899282862,0.1425407917169573,0.13945176003690435,-0.2510226899282862,0.1425407917169573,0.16,-0.25,0.1,-0.9843938918116297,1.5997620630759224,-1.1044856534479548,0.009858607862970103,1.086966861746708,0.053888032199544966,,,0.03280003650833019,1,auto_action_cycle_done,1,1,1,1,1,1,1,29.9441,relaxed,直解位姿(快速)(反向),0.13945176003690435,-0.2510226899282862,0.1425407917169573,0.13945176003690435,-0.2510226899282862,0.1725407917169573,0.16,-0.25,0.1,
v2_kinematic,1776793467826,83,108,auto_sorting_action,1776793450562_83_0,0.0486,0.0486,0.0,0.0,0.0,0,1.0,60.0,30.0,0.3558801404573897,-0.2718613628728027,0.1425407917169573,0.3558801404573897,-0.2718613628728027,0.1425407917169573,0.16,-0.25,0.1,-0.9843938985086202,1.5997621705805454,-1.1044858497598637,0.009858645332099236,1.0869681936885218,0.05388802964840611,,,0.03430003011986313,0,action_server_error,0,0,0,0,0,0,0,17.8238,,,0.3558801404573897,-0.2718613628728027,0.1425407917169573,0.3558801404573897,-0.2718613628728027,0.1725407917169573,0.3558801404573897,-0.2718613628728027,0.1425407917169573,action_server_error
v2_kinematic,1776793489734,84,108,auto_sorting_action,1776793468827_84_1,0.0515,0.0515,0.0,0.0,0.0,1,1.0,60.0,30.0,0.14752287971687714,0.033367774027935546,0.1425407917169573,0.14752287971687714,0.033367774027935546,0.1425407917169573,0.16,-0.25,0.1,-0.003053260725016216,7.151671410898786e-05,-0.009598387273107356,-0.006691640486399919,0.003841923596290542,-0.004320791454214046,,,0.03500001454302761,0,action_server_error,0,0,0,0,0,0,0,21.9075,,,0.14752287971687714,0.033367774027935546,0.1425407917169573,0.14752287971687714,0.033367774027935546,0.1725407917169573,0.14752287971687714,0.033367774027935546,0.1425407917169573,action_server_error
v2_kinematic,1776793537381,85,108,auto_sorting_action,1776793490707_85_0,0.048,0.048,0.0,0.2,0.0,0,0.5,50.0,-20.0,0.29170364175168556,-0.11159287729364643,0.1425407917169573,0.29170364175168556,-0.11159287729364643,0.1425407917169573,0.16,-0.25,0.1,-0.9935423313400662,1.6638452858082555,-1.1484403198194517,-0.06723635311487364,1.114616217130739,-0.022731620704204758,,,0.03399998820844377,1,auto_action_cycle_done,1,1,1,1,1,1,1,47.6465,free_yaw,直解位姿(快速)(反向),0.29170364175168556,-0.11159287729364643,0.1425407917169573,0.29170364175168556,-0.11159287729364643,0.1725407917169573,0.16,-0.25,0.1,
v2_kinematic,1776793555910,86,108,auto_sorting_action,1776793538460_86_1,0.0741,0.0741,0.0,0.2,0.0,1,0.5,50.0,-20.0,0.03979815934294,-0.13772628259150094,0.1425407917169573,0.03979815934294,-0.13772628259150094,0.1425407917169573,0.16,-0.25,0.1,-0.9935423681704378,1.6638454268104228,-1.1484405642137991,-0.06723608096917033,1.1146178610686448,-0.022732073588949575,,,0.03500002432099523,0,action_server_error,0,0,0,0,0,0,0,18.5286,,,0.03979815934294,-0.13772628259150094,0.1425407917169573,0.03979815934294,-0.13772628259150094,0.1725407917169573,0.03979815934294,-0.13772628259150094,0.1425407917169573,action_server_error
v2_kinematic,1776793604300,87,108,auto_sorting_action,1776793556925_87_0,0.0622,0.0622,0.0,0.2,0.0,0,0.5,60.0,30.0,0.2394999452467095,0.036645570350271925,0.1425407917169573,0.2394999452467095,0.036645570350271925,0.1425407917169573,0.16,-0.25,0.1,-1.0247353510678225,1.6510869648458684,-1.1270735355519825,0.08407806581940314,1.1417366061338372,-0.09090631157584994,,,0.03499997786208254,1,auto_action_cycle_done,1,1,1,1,1,1,1,48.3896,free_yaw,直解位姿(快速)(反向),0.2394999452467095,0.036645570350271925,0.1425407917169573,0.2394999452467095,0.036645570350271925,0.1725407917169573,0.16,-0.25,0.1,
v2_kinematic,1776793622114,88,108,auto_sorting_action,1776793604866_88_1,0.0748,0.0748,0.0,0.2,0.0,1,0.5,60.0,30.0,0.4758719231149802,0.3203633029828016,0.1425407917169573,0.4758719231149802,0.3203633029828016,0.1425407917169573,0.16,-0.25,0.1,-1.0247353026979464,1.651087066624056,-1.1270737094032688,0.0840777543499307,1.141737799067351,-0.09090483056428145,,,0.03499995858909689,0,action_server_error,0,0,0,0,0,0,0,17.8135,,,0.4758719231149802,0.3203633029828016,0.1425407917169573,0.4758719231149802,0.3203633029828016,0.1725407917169573,0.4758719231149802,0.3203633029828016,0.1425407917169573,action_server_error
v2_kinematic,1776793669267,89,108,auto_sorting_action,1776793623130_89_0,0.0713,0.0713,0.0,0.2,0.0,0,0.8,50.0,-20.0,0.12310828516633562,0.1854515580162564,0.1425407917169573,0.12310828516633562,0.1854515580162564,0.1425407917169573,0.16,-0.25,0.1,-0.9862526784405992,1.6298578963445483,-1.1215879449796375,-0.0766362332471564,1.135826550323599,0.07751378139467491,,,0.035000043199510195,1,auto_action_cycle_done,1,1,1,1,1,1,1,47.1522,free_yaw,直解位姿(快速)(反向),0.12310828516633562,0.1854515580162564,0.1425407917169573,0.12310828516633562,0.1854515580162564,0.1725407917169573,0.16,-0.25,0.1,
v2_kinematic,1776793713101,90,108,auto_sorting_action,1776793670276_90_1,0.0615,0.0615,0.0,0.2,0.0,1,0.8,50.0,-20.0,0.2515505101973571,-0.13285366171146668,0.1425407917169573,0.2515505101973571,-0.13285366171146668,0.1425407917169573,0.16,-0.25,0.1,-0.9827880879589284,1.6186709224675067,-1.1108751400820251,-0.07031663518385756,1.0887649863520616,0.016697902302342804,,,0.03499999975652663,1,auto_action_cycle_done,1,1,1,1,1,1,1,43.8344,free_yaw,直解位姿(快速)(反向),0.2515505101973571,-0.13285366171146668,0.1425407917169573,0.2515505101973571,-0.13285366171146668,0.1725407917169573,0.16,-0.25,0.1,
v2_kinematic,1776793731464,91,108,auto_sorting_action,1776793714205_91_0,0.0515,0.0515,0.0,0.2,0.0,0,0.8,60.0,30.0,0.4740087698766133,0.13211406791715363,0.1425407917169573,0.4740087698766133,0.13211406791715363,0.1425407917169573,0.16,-0.25,0.1,-0.9827881269071179,1.618671034691757,-1.110875343078809,-0.07031632506912633,1.088766334011039,0.01669734347879004,,,0.034999999731235805,0,action_server_error,0,0,0,0,0,0,0,18.3619,,,0.4740087698766133,0.13211406791715363,0.1425407917169573,0.4740087698766133,0.13211406791715363,0.1725407917169573,0.4740087698766133,0.13211406791715363,0.1425407917169573,action_server_error
v2_kinematic,1776793753401,92,108,auto_sorting_action,1776793732470_92_1,0.0578,0.0578,0.0,0.2,0.0,1,0.8,60.0,30.0,0.15284630515467346,0.008914927853867285,0.1425407917169573,0.15284630515467346,0.008914927853867285,0.1425407917169573,0.16,-0.25,0.1,0.00024970914054112114,0.0075256365016125315,-0.009740181951244153,0.00266871273088487,-0.00789010314778249,0.0003110437778222064,,,0.034999994893267466,0,action_server_error,0,0,0,0,0,0,0,21.937,,,0.15284630515467346,0.008914927853867285,0.1425407917169573,0.15284630515467346,0.008914927853867285,0.1725407917169573,0.15284630515467346,0.008914927853867285,0.1425407917169573,action_server_error
v2_kinematic,1776793773795,93,108,auto_sorting_action,1776793754344_93_0,0.0574,0.0574,0.0,0.2,0.0,0,1.0,50.0,-20.0,0.4193432171790049,0.1809799352951695,0.1425407917169573,0.4193432171790049,0.1809799352951695,0.1425407917169573,0.16,-0.25,0.1,-0.006986577801551874,0.006314329477999259,-0.003135541257641705,0.0022197907610204126,-0.00585338408538405,0.004758384074522226,,,0.034999995834985836,0,action_server_error,0,0,0,0,0,0,0,20.3933,,,0.4193432171790049,0.1809799352951695,0.1425407917169573,0.4193432171790049,0.1809799352951695,0.1725407917169573,0.4193432171790049,0.1809799352951695,0.1425407917169573,action_server_error
v2_kinematic,1776793794256,94,108,auto_sorting_action,1776793774810_94_1,0.0689,0.0689,0.0,0.2,0.0,1,1.0,50.0,-20.0,0.42845053212281636,0.14771185349927166,0.1425407917169573,0.42845053212281636,0.14771185349927166,0.1425407917169573,0.16,-0.25,0.1,-0.005982495456033021,0.008344525041279027,-0.00047953266475264655,-0.006208016201362021,-0.002908952639772089,0.003998780733124541,,,0.03500000016641783,0,action_server_error,0,0,0,0,0,0,0,20.4603,,,0.42845053212281636,0.14771185349927166,0.1425407917169573,0.42845053212281636,0.14771185349927166,0.1725407917169573,0.42845053212281636,0.14771185349927166,0.1425407917169573,action_server_error
v2_kinematic,1776793814683,95,108,auto_sorting_action,1776793794876_95_0,0.0576,0.0576,0.0,0.2,0.0,0,1.0,60.0,30.0,0.4192403487793975,0.24441190526768483,0.1425407917169573,0.4192403487793975,0.24441190526768483,0.1425407917169573,0.16,-0.25,0.1,-0.0012535402630282633,0.008621263289054326,-0.004996477960338197,0.004191945808652342,-0.003919529577840031,0.007021462696707559,,,0.034999991796109,0,action_server_error,0,0,0,0,0,0,0,20.4267,,,0.4192403487793975,0.24441190526768483,0.1425407917169573,0.4192403487793975,0.24441190526768483,0.1725407917169573,0.4192403487793975,0.24441190526768483,0.1425407917169573,action_server_error
v2_kinematic,1776793862689,96,108,auto_sorting_action,1776793815740_96_1,0.0662,0.0662,0.0,0.2,0.0,1,1.0,60.0,30.0,0.10209154559318293,-0.35283258295051145,0.1425407917169573,0.10209154559318293,-0.35283258295051145,0.1425407917169573,0.16,-0.25,0.1,-1.0339989735119604,1.6630489295059592,-1.1652603733413702,0.08658541908288431,1.1333946552236043,-0.14496404798022766,,,0.03499995404509877,1,auto_action_cycle_done,1,1,1,1,1,1,1,48.0055,free_yaw,直解位姿(快速)(反向),0.10209154559318293,-0.35283258295051145,0.1425407917169573,0.10209154559318293,-0.35283258295051145,0.1725407917169573,0.16,-0.25,0.1,
v2_kinematic,1776793906700,97,108,auto_sorting_action,1776793863684_97_0,0.0594,0.0594,0.1,0.0,-0.2,0,0.5,50.0,-20.0,0.04392151128875727,-0.331129472144743,0.1425407917169573,0.04392151128875727,-0.331129472144743,0.1425407917169573,0.16,-0.25,0.1,-0.9997345704607028,1.6463310278258119,-1.13796850056342,0.027742150539740607,1.0755150126892605,-0.05745235001708249,,,0.034999982020635895,1,auto_action_cycle_done,1,1,1,1,1,1,1,44.0111,free_yaw,直解位姿(快速)(反向),0.04392151128875727,-0.331129472144743,0.1425407917169573,0.04392151128875727,-0.331129472144743,0.1725407917169573,0.16,-0.25,0.1,
v2_kinematic,1776793951528,98,108,auto_sorting_action,1776793907629_98_1,0.0632,0.0632,0.1,0.0,-0.2,1,0.5,50.0,-20.0,0.2296553873435562,-0.049875646294086556,0.1425407917169573,0.2296553873435562,-0.049875646294086556,0.1425407917169573,0.16,-0.25,0.1,-0.9779798980793402,1.631277608179543,-1.1019601462961965,-0.08224572970263289,1.0905548695396208,0.009603289924844383,,,0.034999998461244256,1,auto_action_cycle_done,1,1,1,1,1,1,1,44.827,free_yaw,直解位姿(快速)(反向),0.2296553873435562,-0.049875646294086556,0.1425407917169573,0.2296553873435562,-0.049875646294086556,0.1725407917169573,0.16,-0.25,0.1,
v2_kinematic,1776793995327,99,108,auto_sorting_action,1776793952594_99_0,0.0653,0.0653,0.1,0.0,-0.2,0,0.5,60.0,30.0,0.29823119220527494,0.04291014203921701,0.1425407917169573,0.29823119220527494,0.04291014203921701,0.1425407917169573,0.16,-0.25,0.1,-1.0284095636655906,1.6301481907484954,-1.1272217100178867,0.09051542933409085,1.0806037361988254,0.005045127681270856,,,0.0349999998209822,1,auto_action_cycle_done,1,1,1,1,1,1,1,43.7985,free_yaw,直解位姿(快速)(反向),0.29823119220527494,0.04291014203921701,0.1425407917169573,0.29823119220527494,0.04291014203921701,0.1725407917169573,0.16,-0.25,0.1,
v2_kinematic,1776794039570,100,108,auto_sorting_action,1776793996349_100_1,0.0466,0.0466,0.1,0.0,-0.2,1,0.5,60.0,30.0,0.08259042576650485,-0.3065752859435727,0.1425407917169573,0.08259042576650485,-0.3065752859435727,0.1425407917169573,0.16,-0.25,0.1,-0.9929867872507812,1.5995945191361036,-1.1313445188985067,-0.0014442922187756224,1.1307927740046946,-0.0826700647755425,,,0.03329995859422558,1,auto_action_cycle_done,1,1,1,1,1,1,1,44.2425,free_yaw,直解位姿(快速)(反向),0.08259042576650485,-0.3065752859435727,0.1425407917169573,0.08259042576650485,-0.3065752859435727,0.1725407917169573,0.16,-0.25,0.1,
v2_kinematic,1776794058113,101,108,auto_sorting_action,1776794040680_101_0,0.0619,0.0619,0.1,0.0,-0.2,0,0.8,50.0,-20.0,0.028590406459579935,-0.14677679977968427,0.1425407917169573,0.028590406459579935,-0.14677679977968427,0.1425407917169573,0.16,-0.25,0.1,-0.9929867936175718,1.5995946670247863,-1.131344768771843,-0.0014442269420342768,1.1307945162782724,-0.08267013168702597,,,0.03499998700366719,0,action_server_error,0,0,0,0,0,0,0,18.5426,,,0.028590406459579935,-0.14677679977968427,0.1425407917169573,0.028590406459579935,-0.14677679977968427,0.1725407917169573,0.028590406459579935,-0.14677679977968427,0.1425407917169573,action_server_error
v2_kinematic,1776794105843,102,108,auto_sorting_action,1776794059142_102_1,0.0452,0.0452,0.1,0.0,-0.2,1,0.8,50.0,-20.0,0.33479661669405825,0.1818797252085041,0.1425407917169573,0.33479661669405825,0.1818797252085041,0.1425407917169573,0.16,-0.25,0.1,-0.9946807114633005,1.6215582636837444,-1.0952465466269956,0.006758899584250244,1.0662895662649277,0.09902538598699007,,,0.03260007272874754,1,auto_action_cycle_done,1,1,1,1,1,1,1,47.7295,free_yaw,直解位姿(快速)(反向),0.33479661669405825,0.1818797252085041,0.1425407917169573,0.33479661669405825,0.1818797252085041,0.1725407917169573,0.16,-0.25,0.1,
v2_kinematic,1776794152403,103,108,auto_sorting_action,1776794106891_103_0,0.0456,0.0456,0.1,0.0,-0.2,0,0.8,60.0,30.0,0.17081826665084449,0.23082900022895048,0.1425407917169573,0.17081826665084449,0.23082900022895048,0.1425407917169573,0.16,-0.25,0.1,-1.0242034455946163,1.6417134387424746,-1.1494505445932983,0.05033625818729348,1.1233268789605422,-0.0658428088988563,,,0.03279999193181941,1,auto_action_cycle_done,1,1,1,1,1,1,1,46.5592,free_yaw,直解位姿(快速)(反向),0.17081826665084449,0.23082900022895048,0.1425407917169573,0.17081826665084449,0.23082900022895048,0.1725407917169573,0.16,-0.25,0.1,
v2_kinematic,1776794196310,104,108,auto_sorting_action,1776794153446_104_1,0.0694,0.0694,0.1,0.0,-0.2,1,0.8,60.0,30.0,0.11732193917343411,-0.1363861156693282,0.1425407917169573,0.11732193917343411,-0.1363861156693282,0.1425407917169573,0.16,-0.25,0.1,-1.022007006357116,1.6109560465390453,-1.1096799831470392,0.0332117203780804,1.1018655483650246,-0.051751332315053133,,,0.034999995115967214,1,auto_action_cycle_done,1,1,1,1,1,1,1,43.9069,free_yaw,直解位姿(快速)(反向),0.11732193917343411,-0.1363861156693282,0.1425407917169573,0.11732193917343411,-0.1363861156693282,0.1725407917169573,0.16,-0.25,0.1,
v2_kinematic,1776794214838,105,108,auto_sorting_action,1776794197369_105_0,0.0478,0.0478,0.1,0.0,-0.2,0,1.0,50.0,-20.0,0.14328955972585794,0.05966599280611737,0.1425407917169573,0.14328955972585794,0.05966599280611737,0.1425407917169573,0.16,-0.25,0.1,-1.0220069874056508,1.6109561729841646,-1.1096801831823804,0.033211523466890824,1.1018669248678608,-0.05175200098371313,,,0.03389998429527184,0,action_server_error,0,0,0,0,0,0,0,18.5274,,,0.14328955972585794,0.05966599280611737,0.1425407917169573,0.14328955972585794,0.05966599280611737,0.1725407917169573,0.14328955972585794,0.05966599280611737,0.1425407917169573,action_server_error
v2_kinematic,1776794236571,106,108,auto_sorting_action,1776794215841_106_1,0.0451,0.0451,0.1,0.0,-0.2,1,1.0,50.0,-20.0,0.23744919353206748,-0.3890856522050944,0.1425407917169573,0.23744919353206748,-0.3890856522050944,0.1425407917169573,0.16,-0.25,0.1,-0.009209390653036387,0.005383653023028678,-0.003057864741323968,-0.002677525284043192,0.0027493357401704444,0.006116857994481251,,,0.03255000601210621,0,action_server_error,0,0,0,0,0,0,0,21.7327,,,0.23744919353206748,-0.3890856522050944,0.1425407917169573,0.23744919353206748,-0.3890856522050944,0.1725407917169573,0.23744919353206748,-0.3890856522050944,0.1425407917169573,action_server_error
v2_kinematic,1776794283554,107,108,auto_sorting_action,1776794237498_107_0,0.0624,0.0624,0.1,0.0,-0.2,0,1.0,60.0,30.0,0.18905407848159128,-0.08080420421390173,0.1425407917169573,0.18905407848159128,-0.08080420421390173,0.1425407917169573,0.16,-0.25,0.1,-1.0018286861482402,1.606202087083644,-1.1108190072431476,0.06664580182636648,1.0863575466532405,-0.1209631742734576,,,0.03499995271739358,1,auto_action_cycle_done,1,1,1,1,1,1,1,46.9823,free_yaw,直解位姿(快速)(反向),0.18905407848159128,-0.08080420421390173,0.1425407917169573,0.18905407848159128,-0.08080420421390173,0.1725407917169573,0.16,-0.25,0.1,
v2_kinematic,1776794302044,108,108,auto_sorting_action,1776794284634_108_1,0.0655,0.0655,0.1,0.0,-0.2,1,1.0,60.0,30.0,0.38344513291902976,0.1180479229498618,0.1425407917169573,0.38344513291902976,0.1180479229498618,0.1425407917169573,0.16,-0.25,0.1,-1.0018286748945258,1.6062022123585882,-1.1108192069811187,0.06664557586622255,1.0863589014303665,-0.12096256007646655,,,0.03499995194819027,0,action_server_error,0,0,0,0,0,0,0,18.4896,,,0.38344513291902976,0.1180479229498618,0.1425407917169573,0.38344513291902976,0.1180479229498618,0.1725407917169573,0.38344513291902976,0.1180479229498618,0.1425407917169573,action_server_error
